<?xml version="1.0" encoding="UTF-8"?>
<beans xmlns="http://www.springframework.org/schema/beans"
       xmlns:util="http://www.springframework.org/schema/util"
       xmlns:aop="http://www.springframework.org/schema/aop"
       xmlns:xsi="http://www.w3.org/2001/XMLSchema-instance"
       xsi:schemaLocation="
       http://www.springframework.org/schema/beans http://www.springframework.org/schema/beans/spring-beans.xsd
       http://www.springframework.org/schema/util http://www.springframework.org/schema/util/spring-util.xsd
       http://www.springframework.org/schema/aop http://www.springframework.org/schema/aop/spring-aop.xsd">

    <!-- 缓存管理器 -->
    <bean id="cacheManager" class="org.apache.shiro.cache.ehcache.EhCacheManager">
        <property name="cacheManagerConfigFile" value="classpath:ehcache.xml"/>
    </bean>

   

    <bean id="myRealm" class="com.pzy.jcook.sys.shiro.MyRealm" >
		<property name="credentialsMatcher" ref="credentialsMatcher"/>  
		<property name="cachingEnabled" value="true"/>  
    	<property name="authenticationCachingEnabled" value="false"/>  
    	<property name="authorizationCachingEnabled" value="true"/>  
    	<property name="authorizationCacheName" value="authorizationCache"/>   
	</bean>
	<!-- 用户md5密码验证 -->
	<bean id="credentialsMatcher" class="com.pzy.jcook.sys.shiro.CustomCredentialsMatcher"/>  

    <!-- 会话ID生成器 -->
    <bean id="sessionIdGenerator" class="org.apache.shiro.session.mgt.eis.JavaUuidSessionIdGenerator"/>

    <!-- 会话Cookie模板 -->
    <bean id="sessionIdCookie" class="org.apache.shiro.web.servlet.SimpleCookie">
        <constructor-arg value="sid"/>
        <property name="httpOnly" value="true"/>
        <property name="maxAge" value="2592000"/><!-- 30天 -->
    </bean>

    <bean id="rememberMeCookie" class="org.apache.shiro.web.servlet.SimpleCookie">
        <constructor-arg value="rememberMe"/>
        <property name="httpOnly" value="true"/>
        <property name="maxAge" value="2592000"/><!-- 30天 -->
    </bean>

    <!-- rememberMe管理器 -->
    <bean id="rememberMeManager" class="org.apache.shiro.web.mgt.CookieRememberMeManager">
        <!-- rememberMe cookie加密的密钥 建议每个项目都不一样 默认AES算法 密钥长度（128 256 512 位）-->
        <property name="cipherKey"
                  value="#{T(org.apache.shiro.codec.Base64).decode('4AvVhmFLUs0KTA3Kprsdag==')}"/>
        <property name="cookie" ref="rememberMeCookie"/>
    </bean>

    <!-- 会话DAO -->
    <bean id="sessionDAO" class="org.apache.shiro.session.mgt.eis.EnterpriseCacheSessionDAO">
        <property name="activeSessionsCacheName" value="shiro-activeSessionCache"/>
        <property name="sessionIdGenerator" ref="sessionIdGenerator"/>
    </bean>

    <!-- 会话验证调度器 -->
    <bean id="sessionValidationScheduler" class="org.apache.shiro.session.mgt.quartz.QuartzSessionValidationScheduler">
        <property name="sessionValidationInterval" value="1800000"/>
        <property name="sessionManager" ref="sessionManager"/>
    </bean>

    <!-- 会话管理器 -->
    <bean id="sessionManager" class="org.apache.shiro.web.session.mgt.DefaultWebSessionManager">
        <property name="globalSessionTimeout" value="1800000"/>
        <property name="deleteInvalidSessions" value="true"/>
        <property name="sessionValidationSchedulerEnabled" value="true"/>
        <property name="sessionValidationScheduler" ref="sessionValidationScheduler"/>
        <property name="sessionDAO" ref="sessionDAO"/>
        <property name="sessionIdCookieEnabled" value="true"/>
        <property name="sessionIdCookie" ref="sessionIdCookie"/>
    </bean>

    <!-- 安全管理器 -->
    <bean id="securityManager" class="org.apache.shiro.web.mgt.DefaultWebSecurityManager">
        <property name="realms">
			<list>
				<ref bean="myRealm"/>
			</list>
		</property>
		
        <property name="sessionManager" ref="sessionManager"/>
        <property name="cacheManager" ref="cacheManager"/>
        <property name="rememberMeManager" ref="rememberMeManager"/>
    </bean>

    <!-- 相当于调用SecurityUtils.setSecurityManager(securityManager) -->
    <bean class="org.springframework.beans.factory.config.MethodInvokingFactoryBean">
        <property name="staticMethod" value="org.apache.shiro.SecurityUtils.setSecurityManager"/>
        <property name="arguments" ref="securityManager"/>
    </bean>

    <!-- OAuth2身份验证过滤器 -->
    <bean id="oAuth2AuthenticationFilter" class="com.pzy.jcook.sys.shiro.oauth2.OAuth2AuthenticationFilter">
        <property name="authcCodeParam" value="code"/>
         <property name="unbindUrl" value="/binduser"/>
        <property name="failureUrl" value="/oauth2Failure.jsp"/>
    </bean>

    <!-- Shiro的Web过滤器 -->
    <bean id="shiroFilter" class="org.apache.shiro.spring.web.ShiroFilterFactoryBean">
        <property name="securityManager" ref="securityManager"/>
        <property name="loginUrl" value="/login"/>
        <property name="successUrl" value="/sys/user/center"/>
        <property name="filters">
            <util:map>
                <entry key="oauth2Authc" value-ref="oAuth2AuthenticationFilter"/>
            </util:map>
        </property>
        <property name="filterChainDefinitions">
            <value>
                /=authc
                /login=authc
                 /index=authc
                /binduser=anon
                /oauth2Failure.jsp=anon
                /workflow/**=authc
                /upload/**=authc
                /workitem/**=authc
                /user/**=authc
                /logout=logout
            </value>
        </property>
    </bean>
    <bean id="lifecycleBeanPostProcessor" class="org.apache.shiro.spring.LifecycleBeanPostProcessor"/>
</beans>






