<?xml version="1.0" encoding="UTF-8"?>
<beans xmlns="http://www.springframework.org/schema/beans" xmlns:xsi="http://www.w3.org/2001/XMLSchema-instance"
	xmlns:context="http://www.springframework.org/schema/context" xsi:schemaLocation="
		http://www.springframework.org/schema/beans http://www.springframework.org/schema/beans/spring-beans-4.0.xsd
		http://www.springframework.org/schema/context http://www.springframework.org/schema/context/spring-context-4.0.xsd"
	default-lazy-init="true">

	<description>Activiti 工作流配置</description>
	<bean id="processEngineConfiguration" class="org.activiti.spring.SpringProcessEngineConfiguration">
		
		<property name="typedEventListeners">
			<map>
				<entry key="TASK_ASSIGNED">
					<list> 
						<bean class="com.pzy.jcook.workflow.listener.TaskAssignedListener"></bean>
					</list>
				</entry>
			</map>
		</property>
		
		
		<property name="dataSource" ref="dataSource" />
		<property name="transactionManager" ref="transactionManager" />
		<property name="databaseSchemaUpdate" value="true" />
		<property name="jobExecutorActivate" value="false" />
		<property name="history" value="full" />
		<property name="processDefinitionCacheLimit" value="10"/>
		<property name="activityFontName" value="宋体"/>
        <property name="labelFontName" value="宋体"/>
	</bean>
	<bean id="processEngine" class="org.activiti.spring.ProcessEngineFactoryBean">
		<property name="processEngineConfiguration" ref="processEngineConfiguration" />
	</bean>
	<bean id="repositoryService" factory-bean="processEngine" factory-method="getRepositoryService" />
	<bean id="runtimeService" factory-bean="processEngine" factory-method="getRuntimeService" />
	<bean id="formService" factory-bean="processEngine" factory-method="getFormService" />
	<bean id="identityService" factory-bean="processEngine" factory-method="getIdentityService" />
	<bean id="taskService" factory-bean="processEngine" factory-method="getTaskService" />
	<bean id="historyService" factory-bean="processEngine" factory-method="getHistoryService" />
	<bean id="managementService" factory-bean="processEngine" factory-method="getManagementService" />
</beans>